"Маркетинг, PR, Реклама",Below The Line (BTL) ,Менеджер BTL проектов (trade promotion)
"Маркетинг, PR, Реклама",Below The Line (BTL) ,Менеджер BTL проектов (consumer promotion)
"Маркетинг, PR, Реклама",Below The Line (BTL) ,Менеджер BTL проектов (direct marketing)
"Маркетинг, PR, Реклама",Below The Line (BTL) ,Менеджер BTL проектов (special events)
"Маркетинг, PR, Реклама",Below The Line (BTL) ,Менеджер BTL проектов (guerrilla marketing)
"Маркетинг, PR, Реклама",Below The Line (BTL) ,Менеджер BTL проектов (POS - материалы)
"Маркетинг, PR, Реклама",Below The Line (BTL) ,Разработчик BTL проектов (trade promotion)
"Маркетинг, PR, Реклама",Below The Line (BTL) ,Разработчик BTL проектов (consumer promotion)
"Маркетинг, PR, Реклама",Below The Line (BTL) ,Разработчик BTL проектов (direct marketing)
"Маркетинг, PR, Реклама",Below The Line (BTL) ,Разработчик BTL проектов (special events)
"Маркетинг, PR, Реклама",Below The Line (BTL) ,Разработчик BTL проектов (guerrilla marketing)
"Маркетинг, PR, Реклама",Below The Line (BTL) ,Разработчик BTL проектов (POS - материалы)
"Маркетинг, PR, Реклама",Below The Line (BTL) ,Мерчендайзер B2B
"Маркетинг, PR, Реклама",Below The Line (BTL) ,Мерчендайзер B2C
"Маркетинг, PR, Реклама",Below The Line (BTL) ,Координатор BTL проектов B2B
"Маркетинг, PR, Реклама",Below The Line (BTL) ,Координатор BTL проектов B2С
"Маркетинг, PR, Реклама",Below The Line (BTL) ,Промоутер-консультант B2B
"Маркетинг, PR, Реклама",Below The Line (BTL) ,Промоутер-консультант B2C
"Маркетинг, PR, Реклама",Below The Line (BTL) ,Супервайзер B2B
"Маркетинг, PR, Реклама",Below The Line (BTL) ,Супервайзер B2C
"Маркетинг, PR, Реклама",Маркетинговые коммуникации,Менеджер рекламных кампаний
"Маркетинг, PR, Реклама",Маркетинговые коммуникации,Разработчик рекламных кампаний
"Маркетинг, PR, Реклама",Маркетинговые коммуникации,Менеджер PR-кампаний
"Маркетинг, PR, Реклама",Маркетинговые коммуникации,Разработчик PR-кампаний
"Маркетинг, PR, Реклама",Маркетинговые коммуникации,Менеджер программ лояльности потребителей
"Маркетинг, PR, Реклама",Маркетинговые коммуникации,Разработчик программ лояльности потребителей
"Маркетинг, PR, Реклама",Маркетинговые коммуникации,Менеджер программ лояльности сотрудников
"Маркетинг, PR, Реклама",Маркетинговые коммуникации,Разработчик программ лояльности сотрудников
"Маркетинг, PR, Реклама",Маркетинговые коммуникации,Менеджер директ-маркетинговых программ
"Маркетинг, PR, Реклама",Маркетинговые коммуникации,Разработчик директ-маркетинговых программ
"Маркетинг, PR, Реклама",Маркетинговые коммуникации,Менеджер программ спонсорства
"Маркетинг, PR, Реклама",Маркетинговые коммуникации,Разработчик программ спонсорства
"Маркетинг, PR, Реклама",Маркетинговые коммуникации,Менеджер SMM кампаний
"Маркетинг, PR, Реклама",Маркетинговые коммуникации,Разработчик SMM кампаний
"Маркетинг, PR, Реклама",Маркетинговые коммуникации,Менеджер вирусных рекламных кампаний
"Маркетинг, PR, Реклама",Маркетинговые коммуникации,Разработчик вирусных рекламных кампаний
"Маркетинг, PR, Реклама",Маркетинговые коммуникации,Менеджер внутренних коммуникационных кампаний
"Маркетинг, PR, Реклама",Маркетинговые коммуникации,Разработчик внутренних коммуникационных кампаний
"Маркетинг, PR, Реклама",Маркетинговые коммуникации,Корпоративный блоггер для внешней аудитории
"Маркетинг, PR, Реклама",Маркетинговые коммуникации,Корпоративный блоггер для внутренней аудитории
"Маркетинг, PR, Реклама",Маркетинговые коммуникации,Менеджер CSR программ
"Маркетинг, PR, Реклама",Маркетинговые коммуникации,Разработчик CSR программ
"Маркетинг, PR, Реклама",Маркетинговые коммуникации,Пресс-секретарь
"Маркетинг, PR, Реклама",Маркетинговые коммуникации,Менеджер digital-проектов
"Маркетинг, PR, Реклама",Маркетинговые коммуникации,Разработчик digital-проектов
"Маркетинг, PR, Реклама",Маркетинговые коммуникации,Менеджер интернет кампаний
"Маркетинг, PR, Реклама",Маркетинговые коммуникации,Разработчик интернет кампаний
"Маркетинг, PR, Реклама",Маркетинговые коммуникации,Медиа-байер
"Маркетинг, PR, Реклама",Маркетинговые коммуникации,Медиа-планер
"Маркетинг, PR, Реклама",Маркетинговые коммуникации,Интернет медиа-байер
"Маркетинг, PR, Реклама",Маркетинговые коммуникации,Интернет медиа-планер
"Маркетинг, PR, Реклама",Маркетинговые коммуникации,Рекламный копирайтер
"Маркетинг, PR, Реклама",Маркетинговые коммуникации,Копирайтер-журналист
"Маркетинг, PR, Реклама",Маркетинговые коммуникации,Креативный копирайтер
"Маркетинг, PR, Реклама",Маркетинговые коммуникации,Корректор
"Маркетинг, PR, Реклама",Маркетинговые коммуникации,Специалист по GR
"Маркетинг, PR, Реклама",Маркетинговые коммуникации,Специалист по связям с общественностью
"Маркетинг, PR, Реклама",Маркетинговые коммуникации,Менеджер MLM программ
"Маркетинг, PR, Реклама",Маркетинговые коммуникации,Разработчик MLM программ
"Маркетинг, PR, Реклама",Маркетинговые исследования,Интернет-маркетолог
"Маркетинг, PR, Реклама",Маркетинговые исследования,Маркетолог-социолог
"Маркетинг, PR, Реклама",Маркетинговые исследования,Маркетолог-аналитик продаж
"Маркетинг, PR, Реклама",Маркетинговые исследования,Маркетолог-аналитик рынка
"Маркетинг, PR, Реклама",Маркетинговые исследования,Маркетолог-аналитик продуктов
"Маркетинг, PR, Реклама",Маркетинговые исследования,Маркетолог-аналитик конкурентов
"Маркетинг, PR, Реклама",Маркетинговые исследования,Менеджер по исследованию конкурентов
"Маркетинг, PR, Реклама",Маркетинговые исследования,Менеджер по исследованию рынка
"Маркетинг, PR, Реклама",Маркетинговые исследования,Менеджер по исследованию продуктов
"Маркетинг, PR, Реклама",Маркетинговые исследования,Менеджер по исследованию потребителей
"Маркетинг, PR, Реклама",Маркетинговые исследования,Менеджер по интернет исследованиям
"Маркетинг, PR, Реклама",Маркетинговые исследования,Менеджер по прогнозированию продаж
"Маркетинг, PR, Реклама",Маркетинговые исследования,Менеджер по полевым исследованиям
"Маркетинг, PR, Реклама",Маркетинговые исследования,Разработчик полевых исследований
"Маркетинг, PR, Реклама",Маркетинговые исследования,Менеджер по групповым исследованиям
"Маркетинг, PR, Реклама",Маркетинговые исследования,Разработчик групповых исследований
"Маркетинг, PR, Реклама",Маркетинговые исследования,Менеджер телемаркетинговых проектов
"Маркетинг, PR, Реклама",Маркетинговые исследования,Разработчик телемаркетинговых проектов
"Маркетинг, PR, Реклама",Маркетинговые исследования,Менеджер экспертных исследований
"Маркетинг, PR, Реклама",Маркетинговые исследования,Разработчик экспертных исследований
"Маркетинг, PR, Реклама",Маркетинговые исследования,Менеджер по управлению товарными запасами
"Маркетинг, PR, Реклама",Маркетинговые исследования,Менеджер по инновационным продуктам
"Маркетинг, PR, Реклама",Маркетинговые исследования,Менеджер программ мониторинга
"Маркетинг, PR, Реклама",Маркетинговые исследования,Разработчик программ мониторинга
"Маркетинг, PR, Реклама",Маркетинговые исследования,Персональный интервьюер
"Маркетинг, PR, Реклама",Маркетинговые исследования,Групповой интервьюер
"Маркетинг, PR, Реклама",Маркетинговые исследования,Менеджер по управлению ассортиментом
"Маркетинг, PR, Реклама",Управление маркетингом,Категорийный менеджер
"Маркетинг, PR, Реклама",Управление маркетингом,Территориальный менеджер
"Маркетинг, PR, Реклама",Управление маркетингом,Product-менеджер
"Маркетинг, PR, Реклама",Управление маркетингом,Бренд-менеджер
"Маркетинг, PR, Реклама",Управление маркетингом,Директор по маркетингу
"Маркетинг, PR, Реклама",Управление маркетингом,PR-директор
"Маркетинг, PR, Реклама",Управление маркетингом,Директор по рекламе
"Маркетинг, PR, Реклама",Управление маркетингом,Директор по исследованиям
"Маркетинг, PR, Реклама",Управление маркетингом,Product-дизайнер
"Маркетинг, PR, Реклама",Управление маркетингом,Директор по инновациям
"Маркетинг, PR, Реклама",Управление маркетингом,Арт-директор
"Маркетинг, PR, Реклама",Управление маркетингом,Креативный директор
"Маркетинг, PR, Реклама",Управление маркетингом,GR-директор
"Маркетинг, PR, Реклама",Маркетинговые исследования,Маркетолог-антрополог